Date,DGS10,Inflation,Real_Rate
1970-01-01,7.072857142857143,6.094182825484751,0.9786743173723922
1970-04-01,7.841818181818183,6.010928961748618,1.8308892200695643
1970-07-01,7.38952380952381,5.660377358490565,1.7291464510332455
1970-10-01,6.391363636363636,5.570291777188308,0.8210718591753281
1971-01-01,5.7034782608695656,4.438642297650142,1.264835963219424
1971-04-01,6.522272727272727,4.381443298969079,2.1408294283036486
1971-07-01,6.13952380952381,4.081632653061207,2.0578911564626035
1971-10-01,5.926363636363636,3.266331658291466,2.66003197807217
1972-01-01,6.068636363636363,3.499999999999992,2.5686363636363714
1972-04-01,6.1068181818181815,2.9629629629629672,3.1438552188552142
1972-07-01,6.5495,3.1862745098039325,3.3632254901960676
1972-10-01,6.3585,3.406326034063256,2.952173965936744
1973-01-01,6.709090909090909,4.8309178743961345,1.8781730346947745
1973-04-01,6.9,5.995203836930463,0.9047961630695376
1973-07-01,7.090526315789473,7.3634204275534465,-0.27289411176397316
1973-10-01,6.7436842105263155,8.94117647058823,-2.1974922600619147
1974-01-01,7.2090476190476185,10.138248847926267,-2.9292012288786484
1974-04-01,7.535500000000001,10.859728506787313,-3.3242285067873123
1974-07-01,8.0375,11.946902654867241,-3.9094026548672414
1974-10-01,7.433809523809523,12.095032397408211,-4.661222873598688
1975-01-01,7.728,10.460251046025103,-2.7322510460251035
1975-04-01,7.860952380952382,9.183673469387754,-1.3227210884353724
1975-07-01,8.426666666666668,7.905138339920947,0.5215283267457202
1975-10-01,7.996818181818182,7.129094412331405,0.8677237694867772
1976-01-01,7.734347826086956,6.060606060606055,1.6737417654809006
1976-04-01,7.861363636363635,5.981308411214958,1.880055225148677
1976-07-01,7.594285714285713,5.494505494505497,2.0997802197802162
1976-10-01,6.869090909090909,5.035971223021574,1.8331196860693355
1977-01-01,7.460000000000001,6.428571428571428,1.031428571428573
1977-04-01,7.275454545454545,6.701940035273357,0.5735145101811883
1977-07-01,7.343809523809524,6.423611111111094,0.9201984126984302
1977-10-01,7.685238095238095,6.67808219178081,1.007155903457285
1978-01-01,8.03590909090909,6.375838926174482,1.6600701647346083
1978-04-01,8.462272727272728,7.438016528925617,1.0242561983471106
1978-07-01,8.416500000000001,8.482871125611746,-0.06637112561174519
1978-10-01,9.006499999999999,8.988764044943842,0.017735955056156882
1979-01-01,9.117272727272727,10.252365930599371,-1.1350932033266439
1979-04-01,8.913809523809524,11.076923076923073,-2.163113553113549
1979-07-01,9.334736842105263,11.879699248120312,-2.544962406015049
1979-10-01,10.386,13.254786450662737,-2.8687864506627374
1980-01-01,12.74904761904762,14.592274678111572,-1.8432270590639526
1980-04-01,9.778095238095238,14.265927977839322,-4.487832739744084
1980-07-01,11.508571428571429,12.768817204301076,-1.260245775729647
1980-10-01,12.844090909090909,12.353706111833551,0.4903847972573576
1981-01-01,13.115909090909092,10.611735330836458,2.504173760072634
1981-04-01,13.472272727272726,9.696969696969692,3.775303030303034
1981-07-01,15.323809523809524,10.96543504171632,4.358374482093204
1981-10-01,13.724545454545455,8.912037037037024,4.812508417508431
1982-01-01,13.861304347826087,6.884875846501148,6.976428501324938
1982-04-01,14.299545454545454,7.182320441988943,7.117225012556511
1982-07-01,12.33904761904762,4.940923737916236,7.398123881131383
1982-10-01,10.54,3.825717321997879,6.71428267800212
1983-01-01,10.506521739130434,3.5902851108764455,6.916236628253989
1983-04-01,10.848636363636363,2.4742268041237248,8.374409559512639
1983-07-01,11.653809523809523,2.763561924257929,8.890247599551593
1983-10-01,11.82952380952381,3.7871033776867957,8.042420431837014
1984-01-01,12.319090909090908,4.892966360856277,7.426124548234632
1984-04-01,13.562857142857142,4.325955734406439,9.236901408450702
1984-07-01,12.522631578947369,4.2828685258964105,8.239763053050957
1984-10-01,11.499500000000001,4.043392504930954,7.456107495069047
1985-01-01,11.855238095238096,3.790087463556846,8.06515063168125
1985-04-01,10.156,3.6644165863066513,6.491583413693349
1985-07-01,10.373157894736842,3.2473734479465,7.125784446790342
1985-10-01,9.25904761904762,3.791469194312791,5.467578424734828
1986-01-01,7.778499999999999,2.1535580524344455,5.624941947565554
1986-04-01,7.7995238095238095,1.7674418604651132,6.032081949058696
1986-07-01,7.447619047619048,1.757631822386685,5.689987225232363
1986-10-01,7.112727272727272,1.187214611872145,5.925512660855127
1987-01-01,7.248636363636364,2.8414298808432603,4.407206482793104
1987-04-01,8.402272727272727,3.7477148080438782,4.654557919228849
1987-07-01,9.421904761904763,4.2727272727272725,5.14917748917749
1987-10-01,8.987727272727271,4.332129963898912,4.6555973088283595
1988-01-01,8.373478260869565,3.832442067736186,4.541036193133379
1988-04-01,8.921363636363637,3.96475770925111,4.956605927112527
1988-07-01,8.977142857142857,4.184829991281602,4.792312865861255
1988-10-01,9.105714285714285,4.4117647058823595,4.6939495798319255
1989-01-01,9.357727272727272,4.892703862660941,4.4650234100663315
1989-04-01,8.277272727272727,5.1694915254237195,3.107781201849008
1989-07-01,8.1905,4.435146443514637,3.755353556485363
1989-10-01,7.836,4.639602319801162,3.1963976801988387
1990-01-01,8.588636363636363,5.237315875613735,3.351320488022628
1990-04-01,8.48,4.673650282030639,3.8063497179693613
1990-07-01,8.893157894736841,6.169871794871806,2.7232860998650352
1990-10-01,8.075,6.254948535233562,1.8200514647664372
1991-01-01,8.11,4.821150855365497,3.2888491446345025
1991-04-01,8.284,4.695919938414161,3.5880800615858393
1991-07-01,7.65,3.396226415094339,4.2537735849056615
1991-10-01,7.088571428571429,2.980625931445613,4.107945497125816
1992-01-01,7.542272727272728,3.189910979228472,4.352361748044256
1992-04-01,7.261818181818182,3.0147058823529305,4.247112299465251
1992-07-01,6.415238095238095,2.9927007299270114,3.4225373653110838
1992-10-01,6.77,2.966714905933454,3.8032850940665455
1993-01-01,5.975217391304348,3.0194104960460155,2.9558068952583323
1993-04-01,5.962727272727273,2.9978586723768963,2.9648686003503766
1993-07-01,5.36,2.7639971651311157,2.5960028348688846
1993-10-01,5.774090909090909,2.8109627547435068,2.9631281543474026
1994-01-01,6.482608695652174,2.6517794836008246,3.8308292120513494
1994-04-01,7.101363636363636,2.494802494802495,4.606561141561141
1994-07-01,7.457142857142857,2.965517241379323,4.491625615763534
1994-10-01,7.813809523809524,2.597402597402576,5.216406926406948
1995-01-01,7.204782608695653,2.7872195785180187,4.417563030177634
1995-04-01,6.168181818181818,3.0425963488843744,3.1255854692974436
1995-07-01,6.1975,2.54521098459477,3.6522890154052297
1995-10-01,5.7115,2.5316455696202667,3.1798544303797334
1996-01-01,6.268571428571428,2.8439153439153486,3.424656084656079
1996-04-01,6.912000000000001,2.8215223097112663,4.0904776902887345
1996-07-01,6.832000000000001,3.0045721750489918,3.827427824951009
1996-10-01,6.302380952380952,3.378817413905133,2.923563538475819
1997-01-01,6.6945,2.7652733118971096,3.92922668810289
1997-04-01,6.493809523809524,2.233567326100827,4.260242197708697
1997-07-01,6.208571428571428,2.21940393151554,3.989167497055888
1997-10-01,5.808636363636364,1.6970458830924073,4.111590480543956
1998-01-01,5.647272727272727,1.3767209011263937,4.270551826146334
1998-04-01,5.496363636363636,1.6229712858926382,3.873392350470998
1998-07-01,4.806666666666667,1.4267990074441794,3.379867659222487
1998-10-01,4.645,1.606922126081578,3.0380778739184215
1999-01-01,5.232608695652174,1.7283950617283939,3.50421363392378
1999-04-01,5.899545454545454,1.9656019656019597,3.9339434889434948
1999-07-01,5.915238095238095,2.629969418960254,3.285268676277841
1999-10-01,6.275454545454545,2.676399026763998,3.5990555186905473
2000-01-01,6.256521739130435,3.762135922330101,2.4943858168003343
2000-04-01,6.097272727272728,3.7349397590361377,2.36233296823659
2000-07-01,5.799,3.45649582836709,2.3425041716329105
2000-10-01,5.2405,3.4360189573459543,1.8044810426540456
2001-01-01,4.885454545454546,2.9824561403508643,1.9029984051036815
2001-04-01,5.284285714285714,3.193960511033689,2.090325203252025
2001-07-01,4.731764705882353,2.5921658986175045,2.139598807264848
2001-10-01,5.0875,1.603665521191311,3.4838344788086895
2002-01-01,5.284000000000001,1.3628620102214661,3.9211379897785346
2002-04-01,4.9265,1.0692177827799743,3.8572822172200256
2002-07-01,3.87,1.516002245929271,2.353997754070729
2002-10-01,4.032380952380952,2.4802705749718212,1.5521103774091305
2003-01-01,3.8071428571428574,3.025210084033625,0.7819327731092325
2003-04-01,3.334285714285714,1.948775055679297,1.385510658606417
2003-07-01,4.274285714285715,2.378318584070782,1.8959671302149328
2003-10-01,4.267727272727273,2.0352035203520247,2.232523752375248
2004-01-01,3.826521739130435,1.7400761283306032,2.086445610799832
2004-04-01,4.733809523809524,3.1676679410158393,1.5661415827936844
2004-07-01,4.1257142857142854,2.5391680172879516,1.5865462684263338
2004-10-01,4.2309090909090905,3.3423180592991875,0.888591031609903
2005-01-01,4.497727272727273,3.2068412613575736,1.2908860113696994
2005-04-01,3.998181818181818,2.541026998411855,1.457154819769963
2005-07-01,4.199047619047619,4.741833508956805,-0.5427858899091866
2005-10-01,4.467142857142857,3.3385498174230532,1.1285930397198038
2006-01-01,4.7239130434782615,3.4179181771103018,1.3059948663679597
2006-04-01,5.106363636363636,4.1817243159525175,0.924639320411119
2006-07-01,4.718999999999999,2.012072434607637,2.7069275653923626
2006-10-01,4.5645,2.5239777889954462,2.0405222110045536
2007-01-01,4.5645454545454545,2.798197295943927,1.7663481586015273
2007-04-01,5.102857142857142,2.692765113974227,2.4100920288829153
2007-07-01,4.521578947368421,2.8338264299802685,1.6877525173881525
2007-10-01,4.0975,4.108813392417532,-0.011313392417531709
2008-01-01,3.5100000000000002,3.9749035501344343,-0.4649035501344341
2008-04-01,4.099523809523809,4.935966105947864,-0.836442296424055
2008-07-01,3.6861904761904762,4.953319875136075,-1.267129398945599
2008-10-01,2.4163636363636365,-0.02222800255385904,2.4385916389174955
2009-01-01,2.819545454545455,-0.4464787676623838,3.2660242222078386
2009-04-01,3.7218181818181817,-1.2291746182109153,4.950992800029097
2009-07-01,3.401904761904762,-1.377942862886472,4.779847624791234
2009-10-01,3.5900000000000003,2.8141231232083674,0.7758768767916329
2010-01-01,3.7273913043478264,2.2861714393279886,1.4412198650198378
2010-04-01,3.2040909090909087,1.1215605940686268,2.082530315022282
2010-07-01,2.6476190476190475,1.1183122472331775,1.52930680038587
2010-10-01,3.290909090909091,1.437793022217937,1.853116068691154
2011-01-01,3.4143478260869564,2.619241510354109,0.7951063157328475
2011-04-01,3.002272727272727,3.5023181506360412,-0.5000454233633143
2011-07-01,1.975238095238095,3.812621692818685,-1.8373835975805901
2011-10-01,1.9780952380952381,3.062066838419386,-1.083971600324148
2012-01-01,2.1727272727272724,2.5828752813320977,-0.41014800860482525
2012-04-01,1.6223809523809525,1.653870448297634,-0.0314894959166816
2012-07-01,1.7231578947368422,1.9497168982819613,-0.22655900354511904
2012-10-01,1.719,1.7595049796895523,-0.040504979689552245
2013-01-01,1.9575,1.5187472411246183,0.4387527588753817
2013-04-01,2.3,1.7157935271568725,0.5842064728431273
2013-07-01,2.8095,1.0947341081747997,1.7147658918252002
2013-10-01,2.901904761904762,1.5128383667573297,1.3890663951474322
2014-01-01,2.723333333333333,1.6126949139408042,1.110638419392529
2014-04-01,2.5985714285714288,2.0589816945944195,0.5395897339770093
2014-07-01,2.5342857142857143,1.6840509711232077,0.8502347431625066
2014-10-01,2.2072727272727275,0.6531213919623191,1.5541513353104084
2015-01-01,2.0427272727272725,-0.022031284423873476,2.064758557151146
2015-04-01,2.3636363636363638,0.1795718097550525,2.1840645538813113
2015-07-01,2.172857142857143,0.008842961634170088,2.164014181222973
2015-10-01,2.2427272727272727,0.6387247515364791,1.6040025211907936
2016-01-01,1.8890909090909092,0.8916160965521946,0.9974748125387145
2016-04-01,1.6440909090909093,1.0792865347959424,0.5648043742949669
2016-07-01,1.6304761904761906,1.5486446201652182,0.08183157031097243
2016-10-01,2.491904761904762,2.0507989115119862,0.4411058503927756
2017-01-01,2.4817391304347827,2.44119623655914,0.040542893875642694
2017-04-01,2.186818181818182,1.640565809959127,0.5462523718590551
2017-07-01,2.202,2.1805652303711787,0.021434769628821293
2017-10-01,2.4025,2.129930719552253,0.27256928044774664
2018-01-01,2.8423809523809522,2.3309497646499366,0.5114311877310156
2018-04-01,2.9123809523809525,2.8075506935940187,0.10483025878693386
2018-07-01,3.004210526315789,2.332055105808828,0.6721554205069613
2018-10-01,2.8326315789473684,2.0023809043401064,0.830250674607262
2019-01-01,2.570952380952381,1.8831863513063984,0.6877660296459824
2019-04-01,2.074,1.671194894390049,0.40280510560995086
2019-07-01,1.6995,1.6844977040391562,0.015002295960843792
2019-10-01,1.8628571428571428,2.3195274699624457,-0.456670327105303
2020-01-01,0.87,1.4940399642909163,-0.6240399642909163
2020-04-01,0.7286363636363636,0.7166562831830481,0.011980080453315556
2020-07-01,0.6795238095238095,1.3910228912373812,-0.7114990817135717
2020-10-01,0.9336363636363636,1.3204191315779434,-0.38678276794157984
2021-01-01,1.6108695652173912,2.6678187820641908,-1.0569492168467995
2021-04-01,1.5190909090909093,5.295632620349999,-3.7765417112590898
2021-07-01,1.3747619047619049,5.351215590949132,-3.9764536861872273
2021-10-01,1.4649999999999999,7.174340285065539,-5.709340285065539
2022-01-01,2.1278260869565218,8.572204966013853,-6.444378879057331
2022-04-01,3.1433333333333335,8.979361103105798,-5.836027769772465
2022-07-01,3.5190476190476194,8.192106896425821,-4.6730592773782025
2022-10-01,3.616190476190476,6.404600402357152,-2.7884099261666764
2023-01-01,3.6630434782608696,4.917719362889961,-1.254675884629091
2023-04-01,3.7480952380952384,3.070617072997095,0.6774781650981434
2023-07-01,4.379,3.687206638119256,0.6917933618807437
2023-10-01,4.0200000000000005,3.3159099427102934,0.7040900572897071
2024-01-01,4.2085,3.4868349120836584,0.7216650879163415
2024-04-01,4.3052631578947365,2.9702579486470926,1.3350052092476439
2024-07-01,3.7235,2.4264830315416708,1.2970169684583293
2024-10-01,4.3914285714285715,2.870690967509981,1.5207376039185903
2025-01-01,4.2804761904761905,2.381981462805549,1.8984947276706414
2025-04-01,4.3835,2.680453865910226,1.7030461340897736
2025-07-01,4.12047619047619,3.0225715847133294,1.097904605762861
2025-10-01,4.1431818181818185,2.653304114557753,1.4898777036240656
2026-01-01,4.12578947368421,2.400050033616319,1.7257394400678914
